Harley-Davidson Hedman D93552 Mens Brown Nubuck Motorcycle Boots Shoes,8073.52
Dr. Martens Men's Gray Ankle Boots Size 8,2124.09
"$378 Frye Mens Arkansas Logger Mid Boot Shoes, Dark Brown, US 9",7.79
VTG RED WING IRISH SETTER 1990'S Pull On Work Boots Crepe Sole 9 E 21087,8853.32
850$ Tod's Black Wingtip Leather Ankle Boots Size US 11.5 Made in Italy,10553.16
E20 Ariat WorkHog XT Firebird Bruin Brown Leather Work Boot Men's Size 12 D,2124.09
54-12 Ariat WorkHog XT Bruin Brown Leather Waterproof Work BootS Men's Sz 10.5EE,2832.35
55-65 MSRP $399.95 Ariat Promoter Quill Ostrich Leather Boots Men's Size 13 D,4248.88
VTG VASQUE BROWN LEATHER LACE UP SQUARE TOE MOUNTAINEER TELEMARK SKI BOOTS 8.5 D,5311.99
"$458 Frye Mens Addison Lug Lace Up Round Toe Ankle Boots, Black, US 8",11331.54
DR. DOC MARTENS ENGLAND Black Leather Ankle Boots Mens UK 12 US 13 NEW,5311.99
53-79 Ariat WorkHog XT Bruin Brown Leather Waterproof Work BootS Men's Sz 10.5EE,2832.35
"$378 Frye Mens Walter Chukka Lace Up Leather Ankle Boots, Tan, US 8",9915.01
Western Classics by Guy Garrett Gray Leather Cowboy Boots Size Men's 9B,1769.96
Clarks Men's Bushacre 2 Lace-Up Desert Chukka Boot,4957.15
Walk-Over Vaughn Chukka Mens Suede Leather Boots Shoes MADE IN USA $300 NEW 11 D,9915.01
COLE HAAN C11847 CHARLES BROWN OIL LEATHER LACE UP CHUKKA BOOTS SHOES MEN'S 11 M,4957.15
"$428 Frye Mens John Addison Lace Up Ankle Boot Shoe, Tan, US 10",11331.54
A.Testoni Men black combat leather boots 9 US (8 UK) NEW,4957.15
Mens 13 M Magnum Hi-Tec Brown Leather Boots Waterproof Thinsulate Insulated Tall,3895.46
A.Testoni Men black leather boots 11 US (10 UK) NEW,12748.07
VTG DEXTER made in USA Tan Light Brown Tall Pull On Campus Boots Mens 10 M,4957.15
A.Testoni Men black suede leather ankle boots 10 US (9 UK) NEW,7931.86
"$358 Frye Mens Harness 12R Tall Pull On Leather Boots, Black, US 10",7011.83
Mens 13 EE EW X Wide Ariat Rambler Western Boots Black Leather Square Toe Cowboy,7081.95
UGG BILTMORE CHELSEA MILITARY SAND LEATHER WATERPROOF MEN'S BOOTS SIZE US 14 NEW,3116.37
"1,000$ Pre-owned Bally Brown Scribe Goodyear Welted US 8 EEE Made in Switzerland",9915.01
Mens sz 10 D M Frye Billy Charcoal Gray Leather Cowboy Western Boots NIB Pull-On,2832.35
A.Testoni Men black leather ankle boots 8 US / 7 UK / 41 EU NEW,10807.42
Merrell Realm Chukka Ankle Boot Cinnamon Leather Brown Shoe Men 10.5,1415.82
A.Testoni Men black/camouflage leather ankle boots 9 US (8 UK) NEW,14094.48
"$348 Frye Mens Freeman Chukka Leather Boot Shoes, Black, US 9",14164.6
53-77 Ariat Heritage Distressed Brown Leather R Toe Western Boots Men's Sz 11.5B,3470.5
Pajar Mens Morello Black Lace Up Combat Boots Shoes 42 EU/9-9.5 US BHFO 2062,1983.14
53-63 Clarks Bushacre 2 Beeswax Leather Chukka Boot Men's Sz 11.5 M,38954.6
900$ Bally Wellys Brown Suede Boots Size US 12 Made in Switzerland,2937.89
"$428 Frye Mens John Addison Lace Up Ankle Boot Shoe, Dark Brown, US 12",2937.89
ARIAT BLACK LEATHER SPORT WIDE SQUARE TOE WESTERN BOOTS: SIZE 8,2124.09
Crevo Mens Stags Brown Textured Casual Boots Shoes 10.5 Medium (D) BHFO 4006,1983.14
JULIAN Hand Made Leather Cap Toe Work Boots USA Mens Size 11 D,4107.94
Crevo Mens Stags Brown Textured Work Casual Boots Shoes 9.5 Medium (D) BHFO 4523,6370.85
Crevo Mens Stags Brown Textured Work Casual Boots Shoes 11 Medium (D) BHFO 5039,5141.3
H18 Ariat WorkHog Aged Bark/Army Green Pull-On H2O Boots Men's Size 11.5 D,1345.7
